day,temperature_f
1,50.92
2,50.11
3,50.18
4,49.72
5,49.84
6,50.25
7,49.84
8,49.85
9,53.49
10,49.16
11,46.48
12,47.56
13,42.54
14,46.11
15,44.10
16,46.46
17,48.10
18,48.56
19,47.59
20,47.16
21,46.53
22,49.65
23,50.11
24,47.74
25,48.88
26,49.91
27,50.01
28,51.92
29,53.46
30,49.61
31,49.59
32,49.79
33,50.99
34,49.42
35,48.84
36,48.21
37,51.36
38,51.25
39,50.26
40,52.69
41,54.68
42,53.56
43,55.03
44,54.93
45,50.57
46,53.33
47,54.42
48,52.34
49,55.20
50,51.95
51,54.51
52,56.18
53,53.93
54,55.78
55,56.92
56,58.10
57,59.07
58,55.51
59,57.45
60,57.99
61,61.24
62,60.55
63,56.80
64,55.14
65,58.48
66,57.49
67,59.00
68,59.88
69,56.37
70,57.35
71,62.99
72,65.02
73,61.14
74,64.20
75,65.54
76,63.19
77,63.88
78,62.00
79,59.22
80,61.22
81,61.40
82,65.42
83,65.46
84,65.00
85,64.96
86,63.21
87,69.13
88,65.91
89,69.59
90,68.14
91,69.36
92,67.61
93,68.54
94,66.64
95,69.38
96,69.43
97,68.06
98,69.15
99,67.45
100,69.61
101,70.78
102,70.91
103,70.23
104,70.54
105,75.04
106,75.22
107,74.38
108,77.19
109,75.81
110,72.68
111,77.09
112,76.81
113,76.10
114,76.55
115,77.45
116,79.04
117,78.90
118,83.98
119,78.04
120,77.44
121,79.17
122,77.57
123,77.39
124,79.14
125,78.74
126,80.06
127,82.25
128,82.01
129,80.04
130,83.72
131,83.31
132,80.44
133,80.02
134,79.55
135,83.95
136,83.96
137,79.93
138,80.04
139,84.92
140,83.53
141,83.23
142,83.90
143,82.34
144,85.74
145,84.16
146,88.04
147,86.13
148,86.91
149,84.62
150,84.07
151,80.92
152,83.17
153,78.26
154,80.04
155,79.04
156,79.13
157,81.88
158,84.75
159,83.56
160,86.34
161,85.77
162,88.66
163,89.52
164,88.03
165,89.07
166,89.12
167,82.71
168,86.23
169,86.56
170,87.25
171,87.28
172,87.10
173,86.39
174,86.12
175,82.15
176,77.56
177,80.38
178,82.87
179,83.67
180,79.30
181,86.41
182,84.48
183,89.13
184,86.39
185,83.45
186,86.92
187,86.96
188,84.69
189,84.39
190,88.03
191,85.76
192,87.35
193,86.65
194,84.65
195,84.11
196,86.46
197,89.80
198,87.05
199,85.94
200,86.41
201,80.10
202,86.37
203,86.33
204,85.90
205,84.12
206,85.27
207,86.21
208,87.10
209,86.19
210,82.46
211,81.08
212,83.46
213,81.62
214,78.61
215,79.60
216,79.48
217,82.53
218,81.91
219,80.94
220,81.21
221,78.77
222,78.56
223,78.39
224,79.19
225,80.38
226,77.86
227,77.62
228,81.17
229,73.09
230,69.95
231,72.50
232,70.99
233,70.98
234,74.24
235,72.40
236,74.31
237,76.28
238,74.20
239,72.93
240,73.70
241,71.23
242,70.65
243,67.88
244,67.76
245,67.01
246,64.65
247,66.99
248,67.88
249,68.68
250,65.20
251,64.17
252,68.84
253,65.56
254,67.83
255,64.17
256,65.37
257,63.49
258,63.66
259,61.09
260,66.21
261,66.58
262,65.35
263,68.49
264,71.11
265,66.87
266,69.35
267,68.85
268,64.17
269,68.83
270,63.19
271,62.80
272,62.69
273,58.58
274,61.44
275,61.72
276,59.37
277,61.87
278,59.83
279,58.60
280,61.37
281,61.82
282,61.78
283,58.66
284,59.14
285,59.29
286,59.14
287,57.38
288,55.70
289,51.18
290,51.62
291,57.41
292,55.20
293,55.04
294,53.34
295,52.38
296,50.93
297,51.51
298,47.93
299,52.86
300,47.62
301,49.33
302,52.77
303,52.59
304,51.88
305,50.15
306,49.94
307,49.06
308,46.71
309,45.71
310,46.16
311,45.70
312,48.59
313,46.69
314,45.49
315,44.75
316,43.82
317,41.22
318,44.84
319,41.71
320,42.54
321,43.48
322,46.14
323,44.99
324,42.92
325,44.02
326,43.54
327,44.76
328,46.20
329,46.12
330,47.36
331,45.72
332,46.75
333,43.35
334,42.98
335,43.10
336,40.05
337,43.00
338,47.04
339,45.77
340,45.27
341,45.60
342,45.93
343,46.99
344,49.16
345,47.48
346,50.03
347,46.58
348,48.64
349,51.77
350,48.12
351,48.36
352,48.37
353,43.38
354,45.11
355,48.70
356,46.46
357,48.25
358,48.42
359,46.94
360,48.82
361,45.90
362,45.39
363,44.65
364,45.10
365,45.23
366,47.90
367,46.77
368,48.11
369,45.07
370,42.56
371,43.46
372,43.30
373,38.90
374,34.52
375,40.41
376,41.70
377,41.32
378,45.57
379,48.20
380,46.11
381,49.69
382,47.63
383,51.38
384,47.86
385,52.66
386,50.62
387,54.71
388,55.00
389,55.67
390,59.02
391,58.91
392,55.83
393,55.15
394,57.28
395,58.41
396,54.05
397,51.77
398,53.55
399,52.57
400,55.17
401,52.34
402,52.29
403,48.34
404,49.84
405,49.34
406,49.53
407,51.17
408,49.64
409,49.72
410,46.42
411,50.71
412,50.04
413,51.68
414,53.99
415,56.77
416,57.54
417,54.84
418,58.29
419,59.93
420,60.70
421,55.84
422,55.23
423,54.96
424,57.49
425,57.89
426,54.95
427,54.18
428,55.90
429,60.25
430,59.07
431,61.63
432,61.23
433,58.80
434,62.87
435,61.60
436,63.05
437,64.33
438,59.64
439,57.70
440,59.09
441,61.56
442,60.06
443,56.92
444,57.18
445,58.65
446,59.97
447,57.88
448,62.46
449,62.37
450,61.94
451,63.08
452,62.96
453,63.97
454,66.58
455,66.46
456,65.92
457,68.19
458,68.10
459,65.43
460,69.30
461,64.97
462,69.83
463,73.12
464,69.01
465,72.95
466,75.11
467,71.10
468,77.00
469,72.46
470,72.97
471,70.37
472,69.62
473,73.57
474,74.51
475,72.19
476,78.19
477,79.78
478,78.11
479,78.14
480,72.36
481,72.62
482,73.80
483,75.90
484,72.82
485,72.90
486,75.87
487,75.60
488,77.92
489,78.52
490,78.01
491,80.26
492,80.11
493,81.18
494,82.54
495,80.65
496,79.56
497,81.34
498,77.58
499,76.46
500,77.91
501,75.54
502,74.89
503,78.15
504,80.17
505,79.81
506,82.57
507,81.74
508,85.60
509,89.11
510,84.79
511,84.08
512,84.03
513,83.89
514,85.62
515,81.28
516,84.27
517,85.31
518,85.17
519,88.00
520,88.86
521,89.24
522,89.64
523,88.64
524,92.93
525,91.44
526,90.24
527,86.95
528,88.53
529,87.58
530,85.91
531,83.18
532,79.87
533,81.54
534,88.39
535,84.59
536,85.22
537,88.63
538,88.15
539,86.00
540,84.32
541,84.50
542,81.56
543,81.35
544,80.14
545,81.26
546,81.41
547,81.35
548,84.42
549,82.23
550,82.68
551,83.70
552,85.13
553,85.22
554,84.80
555,84.62
556,82.07
557,82.29
558,85.57
559,84.21
560,83.25
561,83.86
562,84.16
563,80.92
564,81.40
565,79.00
566,78.80
567,75.07
568,78.41
569,75.60
570,75.70
571,75.58
572,79.33
573,81.54
574,79.75
575,80.36
576,81.62
577,83.64
578,81.14
579,81.30
580,83.08
581,80.35
582,78.26
583,77.85
584,76.70
585,76.91
586,78.22
587,78.65
588,80.03
589,80.76
590,78.24
591,73.69
592,78.75
593,77.82
594,77.58
595,74.83
596,76.17
597,75.33
598,79.60
599,75.66
600,75.31
601,75.54
602,74.72
603,73.97
604,74.22
605,74.61
606,71.90
607,68.32
608,74.65
609,69.22
610,69.88
611,69.84
612,70.83
613,72.67
614,74.71
615,68.81
616,68.86
617,68.88
618,69.15
619,71.49
620,65.73
621,65.15
622,67.91
623,65.98
624,70.51
625,65.86
626,68.24
627,67.89
628,66.12
629,65.65
630,63.75
631,65.02
632,64.70
633,62.20
634,61.02
635,62.19
636,64.13
637,62.71
638,60.16
639,60.37
640,62.24
641,63.18
642,63.15
643,59.96
644,56.61
645,59.71
646,58.87
647,61.98
648,63.49
649,64.16
650,62.68
651,58.59
652,55.66
653,59.46
654,57.73
655,53.05
656,52.97
657,50.08
658,54.68
659,53.85
660,53.85
661,53.07
662,49.53
663,52.53
664,57.69
665,53.24
666,53.04
667,52.36
668,55.58
669,58.51
670,53.16
671,54.99
672,55.39
673,50.95
674,52.14
675,49.53
676,47.48
677,47.40
678,46.24
679,48.16
680,46.52
681,45.18
682,48.31
683,49.22
684,45.72
685,47.31
686,51.13
687,49.07
688,51.43
689,51.20
690,49.06
691,46.88
692,47.19
693,48.55
694,42.21
695,42.08
696,44.35
697,46.00
698,42.32
699,41.54
700,45.44
701,44.71
702,42.72
703,46.47
704,44.99
705,45.23
706,45.57
707,47.26
708,45.54
709,46.96
710,44.46
711,45.42
712,42.79
713,44.08
714,44.46
715,49.88
716,45.15
717,46.01
718,47.16
719,49.07
720,45.49
721,47.91
722,44.54
723,45.52
724,44.52
725,45.10
726,45.33
727,42.43
728,46.64
729,44.26
730,43.59
731,47.64
732,44.24
733,43.97
734,42.01
735,44.06
736,42.95
737,43.56
738,45.77
739,46.95
740,48.65
741,51.52
742,52.86
743,52.13
744,51.36
745,48.83
746,48.47
747,50.46
748,45.52
749,41.89
750,45.42
751,44.52
752,48.04
753,47.62
754,44.50
755,42.98
756,46.57
757,50.01
758,50.79
759,51.25
760,51.94
761,55.94
762,58.27
763,56.00
764,55.37
765,52.83
766,50.67
767,53.07
768,54.07
769,49.46
770,51.21
771,45.76
772,48.50
773,50.53
774,53.49
775,49.92
776,53.51
777,52.23
778,53.32
779,54.72
780,54.94
781,52.49
782,52.21
783,55.73
784,54.24
785,55.29
786,56.47
787,54.15
788,54.05
789,56.87
790,59.74
791,55.86
792,59.64
793,59.13
794,62.46
795,62.17
796,62.89
797,61.15
798,60.46
799,64.57
800,63.73
801,64.27
802,64.41
803,65.38
804,64.86
805,63.04
806,64.91
807,65.62
808,61.20
809,63.01
810,60.47
811,64.63
812,67.28
813,64.25
814,65.03
815,66.80
816,70.98
817,72.21
818,66.05
819,68.27
820,68.82
821,72.07
822,71.21
823,70.31
824,69.15
825,70.09
826,65.15
827,67.81
828,69.99
829,72.45
830,67.23
831,69.07
832,69.61
833,72.45
834,73.56
835,72.81
836,72.98
837,72.27
838,74.38
839,72.23
840,75.94
841,74.77
842,74.89
843,76.83
844,75.83
845,74.25
846,75.38
847,72.37
848,77.62
849,75.55
850,77.55
851,79.65
852,79.58
853,77.77
854,81.88
855,80.61
856,82.78
857,82.06
858,77.84
859,76.25
860,81.33
861,78.24
862,80.35
863,80.48
864,78.19
865,80.70
866,81.42
867,78.39
868,79.17
869,74.53
870,77.63
871,81.27
872,81.34
873,78.31
874,81.73
875,80.54
876,85.65
877,85.96
878,82.43
879,81.83
880,84.12
881,80.41
882,84.03
883,80.44
884,80.25
885,80.62
886,79.49
887,77.78
888,79.46
889,80.42
890,82.22
891,81.11
892,80.56
893,86.50
894,87.30
895,86.60
896,83.76
897,90.05
898,92.92
899,87.68
900,84.20
901,84.45
902,85.50
903,86.50
904,84.65
905,81.80
906,84.24
907,84.02
908,84.04
909,83.01
910,82.61
911,79.95
912,85.24
913,84.46
914,81.96
915,83.65
916,86.43
917,88.54
918,89.00
919,87.89
920,89.29
921,88.71
922,88.18
923,86.88
924,87.21
925,86.83
926,82.03
927,80.55
928,79.55
929,84.97
930,82.83
931,78.27
932,82.21
933,85.07
934,84.47
935,84.00
936,81.52
937,84.07
938,82.20
939,81.72
940,81.47
941,80.90
942,80.60
943,77.19
944,77.15
945,76.34
946,77.89
947,76.41
948,79.61
949,78.67
950,80.44
951,81.77
952,76.84
953,78.96
954,79.70
955,75.05
956,74.09
957,74.14
958,75.42
959,76.15
960,74.32
961,75.71
962,76.77
963,76.00
964,72.33
965,71.47
966,73.13
967,72.20
968,75.05
969,74.08
970,75.47
971,76.04
972,76.75
973,73.53
974,72.93
975,72.96
976,69.52
977,68.13
978,70.92
979,68.53
980,70.22
981,68.81
982,74.28
983,70.95
984,68.58
985,67.97
986,66.73
987,67.24
988,64.13
989,64.29
990,66.33
991,64.39
992,66.72
993,64.53
994,70.18
995,63.19
996,64.17
997,64.13
998,63.75
999,58.66
1000,61.07
1001,60.27
1002,63.47
1003,62.99
1004,59.94
1005,63.64
1006,66.05
1007,59.66
1008,62.12
1009,64.63
1010,59.31
1011,67.05
1012,63.33
1013,60.16
1014,61.55
1015,60.68
1016,61.97
1017,58.52
1018,56.58
1019,57.24
1020,55.67
1021,55.08
1022,50.18
1023,54.84
1024,54.27
1025,53.50
1026,53.44
1027,51.27
1028,50.29
1029,51.17
1030,52.56
1031,49.41
1032,50.22
1033,51.76
1034,51.02
1035,49.66
1036,50.31
1037,52.15
1038,48.56
1039,51.17
1040,47.63
1041,49.65
1042,44.15
1043,46.72
1044,45.05
1045,46.40
1046,48.21
1047,46.62
1048,45.87
1049,49.26
1050,48.59
1051,50.49
1052,48.97
1053,48.44
1054,49.15
1055,49.88
1056,45.23
1057,42.57
1058,44.12
1059,45.42
1060,47.18
1061,50.49
1062,45.92
1063,50.92
1064,51.50
1065,51.77
1066,49.59
1067,50.17
1068,45.11
1069,43.52
1070,47.37
1071,41.24
1072,41.36
1073,45.47
1074,41.74
1075,44.20
1076,44.84
1077,44.77
1078,46.17
1079,45.35
1080,46.49
1081,50.36
1082,50.39
1083,49.13
1084,48.80
1085,49.98
1086,48.95
1087,47.70
1088,45.65
1089,48.46
1090,45.63
1091,41.93
1092,38.64
1093,44.82
1094,43.76
1095,44.73